"city","state","year","long","lat","confessions","converts","number_missions"
"","IL",1878,-89.3985283,40.6331249,93,0,1
"Abington","MA",1883,-70.9453218,42.1048228,952,0,1
"Abington","MA",1885,-70.9453218,42.1048228,230,0,1
"Adams","MA",1891,-73.1174344,42.6242251,1622,2,1
"Albany","NY",1852,-73.7562317,42.6525793,8500,3,2
"Albany","NY",1873,-73.7562317,42.6525793,2780,2,1
"Albany","NY",1878,-73.7562317,42.6525793,3368,0,1
"Albany","NY",1881,-73.7562317,42.6525793,700,0,1
"Albany","NY",1882,-73.7562317,42.6525793,700,0,1
"Alexis","IL",1892,-90.5559675,41.0633703,200,0,1
"Algonac","MI",1880,-82.531018,42.6183675,150,0,1
"Anderson","IN",1889,-85.6802541,40.1053196,525,6,1
"Ann Arbor","MI",1858,-83.7430378,42.2808256,910,5,1
"Ann Arbor","MI",1879,-83.7430378,42.2808256,740,2,1
"Ansonia","CT",1891,-73.0789969,41.3462078,400,0,1
"Ansonia","CT",1892,-73.0789969,41.3462078,3250,0,1
"Appleton","WI",1881,-88.4153847,44.2619309,620,1,1
"Archibald","PA",1865,-75.5368521,41.4948038,1200,0,1
"Argyle","MI",1892,-82.9359965,43.564207,224,14,1
"Arlington","MA",1874,-71.1564729,42.4153925,1170,4,1
"Atlanta","GA",1856,-84.3879824,33.7489954,190,3,1
"Auburn","NY",1877,-76.5660529,42.9317335,3500,3,1
"Auburn","NY",1885,-76.5660529,42.9317335,3900,2,1
"Auburn","NY",1891,-76.5660529,42.9317335,3480,5,1
"Audenried","PA",1883,-75.991593,40.9106414,1600,1,1
"Augusta","GA",1856,-82.0105148,33.4734978,750,0,1
"Augusta","GA",1890,-82.0105148,33.4734978,1235,1,1
"Aurora","NY",1886,-76.7024485,42.7539591,324,0,1
"Austin","MN",1876,-92.9746367,43.6666296,790,17,1
"Austin","MN",1886,-92.9746367,43.6666296,700,0,1
"Avon","NY",1887,-77.7455583,42.9120072,825,3,1
"Baltimore","MD",1853,-76.6121893,39.2903848,4500,0,1
"Baltimore","MD",1854,-76.6121893,39.2903848,2500,3,1
"Baltimore","MD",1876,-76.6121893,39.2903848,4200,29,1
"Baltimore","MD",1881,-76.6121893,39.2903848,1350,25,1
"Baltimore","MD",1883,-76.6121893,39.2903848,970,1,1
"Baltimore","MD",1884,-76.6121893,39.2903848,2000,2,1
"Baltimore","MD",1885,-76.6121893,39.2903848,2505,0,1
"Baltimore","MD",1886,-76.6121893,39.2903848,920,2,1
"Baltimore","MD",1891,-76.6121893,39.2903848,2970,4,3
"Baltimore","MD",1892,-76.6121893,39.2903848,960,5,1
"Bay City","MI",1877,-83.8888647,43.5944677,1700,7,1
"Bayonne","NJ",1891,-74.1143091,40.6687141,640,0,1
"Beaver Meadows","PA",1883,-75.9146444,40.9281419,535,0,1
"Bellaire","OH",1882,-80.7423054,40.0161843,830,2,1
"Bellefonte","PA",1893,-77.7783348,40.9133943,760,4,1
"Belle Plaine","MN",1876,-93.7684042,44.6230409,1030,4,1
"Belleville","NJ",1859,-74.1500469,40.7936744,1135,2,1
"Belleville","NJ",1889,-74.1500469,40.7936744,1205,0,1
"Bellows Falls","VT",1878,-72.4439772,43.133411,612,1,1
"Bergen Point","NJ",1888,-74.1412543,40.6476033,3890,10,1
"Bergon Point","NJ",1881,-74.1412543,40.6476033,1975,0,1
"Bethel","CT",1887,-73.4139621,41.3712283,430,1,1
"Bethel","CT",1892,-73.4139621,41.3712283,700,0,1
"Biddeford","ME",1891,-70.4533844,43.4925843,1821,0,1
"Birmingham","AL",1886,-86.80249,33.5206608,500,5,1
"Birmingham","AL",1890,-86.80249,33.5206608,870,0,1
"Birmingham","CT",1865,-83.2113192,42.5467012,1600,1,1
"Birmingham","CT",1891,-83.2113192,42.5467012,2801,0,1
"Birmingham","PA",1872,-78.1952892,40.6478421,2150,0,1
"Bloomfield","NJ",1892,-74.1854209,40.8067546,1007,2,1
"Boston","MA",1860,-71.0597732,42.3584308,4550,0,1
"Boston","MA",1863,-71.0597732,42.3584308,3000,0,1
"Boston","MA",1876,-71.0597732,42.3584308,4000,3,1
"Boston","MA",1881,-71.0597732,42.3584308,900,0,1
"Boston","MA",1887,-71.0597732,42.3584308,1120,0,1
"Boston","MA",1889,-71.0597732,42.3584308,8200,0,1
"Boston","MA",1890,-71.0597732,42.3584308,2500,0,1
"Boston","MA",1891,-71.0597732,42.3584308,2600,0,1
"Boston","MA",1892,-71.0597732,42.3584308,2580,0,1
"Boston ","MA",1882,-71.0597732,42.3584308,6370,7,1
"Boulder","CO",1881,-105.2705456,40.0149856,50,1,1
"Brandon","VT",1858,-73.087648,43.7981572,277,0,1
"Brandywine","DE",1857,-75.5343681,39.8295563,920,1,1
"Brattleboro","VT",1874,-72.5578619,42.8509348,570,2,1
"Brazil","IN",1881,-87.1250154,39.523652,335,0,1
"Bridgeport","CT",1859,-73.1951767,41.1865478,1570,0,1
"Bridgeport","CT",1887,-73.1951767,41.1865478,1600,1,1
"Bridgeport","CT",1892,-73.1951767,41.1865478,3450,0,1
"Bridgewater","CT",1879,-73.3662305,41.5350949,1158,0,1
"Brighton","MA",1864,-71.1626756,42.3463503,700,3,1
"Brighton","MA",1891,-71.1626756,42.3463503,3300,0,1
"Broad Brook","CT",1893,-72.5450873,41.9123195,312,0,1
"Brockton","MA",1878,-71.0183787,42.0834335,2322,7,1
"Brockton","MA",1881,-71.0183787,42.0834335,900,0,1
"Brockton","MA",1882,-71.0183787,42.0834335,2918,1,1
"Brookline","MA",1864,-71.1211635,42.3317642,1200,1,1
"Brooklyn","NY",1856,-73.95,40.65,2800,1,1
"Brooklyn","NY",1882,-73.95,40.65,2740,2,1
"Brooklyn","NY",1883,-73.95,40.65,2500,0,2
"Brooklyn","NY",1884,-73.95,40.65,4707,5,1
"Brooklyn","NY",1885,-73.95,40.65,5560,0,1
"Brooklyn","NY",1887,-73.95,40.65,3655,0,1
"Brooklyn","NY",1888,-73.95,40.65,6540,16,2
"Brooklyn","NY",1889,-73.95,40.65,2972,0,1
"Brooklyn","NY",1890,-73.95,40.65,5613,0,1
"Brooklyn","NY",1891,-73.95,40.65,12458,25,4
"Brooklyn","NY",1892,-73.95,40.65,13390,1,4
"Brownsville","MN",1876,-91.2798153,43.6940552,520,8,1
"Buffalo","NY",1855,-78.8783689,42.8864468,3000,3,1
"Buffalo","NY",1873,-78.8783689,42.8864468,4500,7,1
"Burlington","VT",1858,-73.212072,44.4758825,1400,2,1
"Caledonia","MN",1876,-91.4968076,43.6346913,960,6,1
"Cambridge","MA",1862,-71.1097335,42.3736158,2500,2,1
"Cambridgeport","MA",1891,-71.1077157,42.3595761,5165,0,1
"Cameron","PA",1890,-78.1564432,41.4261564,45,0,1
"Camp Grove","IL",1878,-89.6331524,41.0789258,580,1,1
"Canal Fulton","OH",1892,-81.597623,40.8897784,400,1,1
"Canandagua","NY",1855,-77.2816984,42.887535,700,0,1
"Canandaigua","NY",1886,-77.2816984,42.887535,1760,4,1
"Canandaigua","NY",1892,-77.2816984,42.887535,1580,4,1
"Cannon St.","NY",1880,-73.9802919,40.7151188,4530,18,1
"Canton","MA",1890,-71.1447732,42.1584324,1875,0,1
"Canton","MA",1891,-71.1447732,42.1584324,1400,0,1
"Canton","OH",1873,-81.378447,40.7989473,700,22,1
"Carbon","IN",1881,-87.1068681,39.5996395,84,0,1
"Carbondale","PA",1863,-75.5018508,41.5736935,2100,7,1
"Carlisle","PA",1880,-77.195,40.2025,195,2,1
"Cayuga","NY",1887,-76.7263397,42.9189555,300,0,1
"Central Falls","NY",1874,-73.8320824,44.0778319,1450,12,1
"Chambersburg","PA",1880,-77.6611022,39.9375911,660,7,2
"Charleston","IL",1877,-88.1761521,39.4961458,160,0,1
"Charleston","IL",1881,-88.1761521,39.4961458,204,0,1
"Charleston","SC",1857,-79.9309216,32.7765656,3100,20,1
"Charlestown","MA",1855,-71.0602131,42.3782065,2800,3,1
"Charlestown","MA",1889,-71.0602131,42.3782065,4466,0,1
"Charlestown","NY",1877,-71.6418744,41.3832162,6900,25,1
"Chatham","NJ",1890,-74.3837624,40.740934,152,0,1
"Chelsea","MA",1876,-71.0328284,42.3917638,3200,14,1
"Chelsea","MA",1882,-71.0328284,42.3917638,3250,16,1
"Chelsea","MA",1883,-71.0328284,42.3917638,1050,0,1
"Chelsea","MA",1889,-71.0328284,42.3917638,4006,2,1
"Chelsea","MI",1887,-84.0205029,42.3180919,550,1,1
"Chicago","IL",1863,-87.6297982,41.8781136,2600,8,1
"Chicago","IL",1874,-87.6297982,41.8781136,2300,13,2
"Chicago","IL",1877,-87.6297982,41.8781136,4366,8,2
"Chicago","IL",1878,-87.6297982,41.8781136,1100,0,1
"Chicago","IL",1879,-87.6297982,41.8781136,2163,5,1
"Chicago","IL",1881,-87.6297982,41.8781136,6150,13,2
"Chicago","IL",1883,-87.6297982,41.8781136,625,0,1
"Chicago","IL",1884,-87.6297982,41.8781136,3279,0,1
"Chicago","IL",1885,-87.6297982,41.8781136,4220,1,2
"Chicago","IL",1888,-87.6297982,41.8781136,1985,1,1
"Chicago","IL",1890,-87.6297982,41.8781136,6193,5,2
"Chicago","IL",1892,-87.6297982,41.8781136,2250,0,1
"Chicago","IL",1893,-87.6297982,41.8781136,2250,4,1
"Chicopee","MA",1863,-72.6078672,42.1487043,2600,3,1
"Chicopee Falls","MA",1879,-72.5784089,42.1544318,1200,0,1
"Cincinnati","OH",1852,-84.5120196,39.1031182,5000,0,1
"Cincinnati","OH",1873,-84.5120196,39.1031182,3000,2,1
"Circleville","OH",1874,-82.9460133,39.600618,400,8,1
"Circleville","OH",1881,-82.9460133,39.600618,430,1,1
"Cleveland","OH",1853,-81.6954088,41.4994954,2300,3,1
"Cleveland","OH",1855,-81.6954088,41.4994954,3300,0,1
"Cleveland","OH",1878,-81.6954088,41.4994954,1323,1,1
"Cleveland","OH",1891,-81.6954088,41.4994954,3550,0,1
"Cleveland","OH",1893,-81.6954088,41.4994954,6700,5,2
"Clifton, Staten Island","NY",1860,-74.0784785,40.6189726,1250,3,1
"Clifton, Staten Island","NY",1865,-74.0784785,40.6189726,1600,13,1
"Coatesville","PA",1891,-75.8238355,39.9831616,625,0,1
"Cohoes","NY",1852,-73.7001187,42.7742446,1400,0,1
"Cold Spring","NY",1857,-73.954583,41.4200937,800,2,1
"Cold Spring","NY",1865,-73.954583,41.4200937,721,0,1
"Columbus","GA",1857,-84.9877094,32.4609764,170,1,1
"Columbus","OH",1873,-82.9987942,39.9611755,2100,0,1
"Concord","MA",1889,-71.3489484,42.4603719,1665,1,1
"Conesus","NY",1887,-77.6763859,42.7189532,120,3,1
"Covington","KY",1858,-84.5085536,39.0836712,1450,0,1
"Currie","MN",1885,-95.6663993,44.071351,232,0,1
"Cussewago","PA",1851,-80.2098219,41.7985407,270,0,1
"Danvers","MA",1890,-70.932122,42.5750009,1418,0,1
"Davenport","IA",1888,-90.5776367,41.5236437,1695,7,2
"Dayton's Bluff, St. Paul","MN",1887,-93.0626284,44.9543909,709,0,1
"Dedham","MA",1893,-71.166143,42.2411916,1600,0,1
"Defiance","OH",1877,-84.3557802,41.2844933,450,1,1
"Defiance","OH",1883,-84.3557802,41.2844933,625,0,1
"Defiance","OH",1888,-84.3557802,41.2844933,640,0,1
"Delavan","WI",1881,-88.6437138,42.6330703,536,0,1
"Denver","CO",1881,-104.9847179,39.737567,2900,4,1
"Denver","CO",1891,-104.9847179,39.737567,1505,3,2
"Deposit","NY",1879,-75.4276769,42.0600834,480,0,1
"Detroit","MI",1852,-83.0457538,42.331427,3000,0,1
"Detroit","MI",1877,-83.0457538,42.331427,2000,0,1
"Detroit","MI",1892,-83.0457538,42.331427,3150,3,2
"Dover","NH",1891,-70.8736698,43.1978624,2705,0,1
"Dunmore","PA",1862,-75.6324112,41.4198027,700,0,1
"Durango","CO",1882,-107.8800667,37.27528,60,0,1
"East Boston","MA",1861,-71.0388601,42.3702137,2900,0,1
"East Boston","MA",1874,-71.0388601,42.3702137,2350,18,1
"East Boston","MA",1890,-71.0388601,42.3702137,1440,1,1
"East Cambridge","MA",1883,-71.0824613,42.3683353,5490,2,1
"East Hampton","CT",1890,-72.5026249,41.5757748,228,0,1
"East Minneapolis","MN",1886,-93.26667,44.983334,1818,6,1
"East Rush","NY",1887,-77.6455564,42.9958962,335,0,1
"East Rutland","VT",1858,-72.9726065,43.6106237,840,0,1
"East Weymouth","MA",1893,-70.9294163,42.2125125,1300,3,1
"Elizabeth","NJ",1861,-74.2107006,40.6639916,950,1,1
"Elizabethport","NJ",1860,-74.1870888,40.6501031,1000,1,1
"Ellicot City","MD",1886,-76.7983067,39.2673283,50,0,1
"Ellsworth","MN",1887,-96.018356,43.518023,100,0,1
"Emmitsburg","MD",1854,-77.3269307,39.7045417,500,0,1
"Emporium","PA",1890,-78.2352872,41.5114521,410,0,1
"Erie","PA",1851,-80.085059,42.1292241,1000,0,1
"Evansville","IN",1880,-87.5710898,37.9715592,794,6,1
"Evansville","IN",1881,-87.5710898,37.9715592,1100,0,2
"Evansville","IN",1889,-87.5710898,37.9715592,700,0,1
"Everett","MA",1877,-71.0536625,42.40843,468,5,1
"Everett","MA",1882,-71.0536625,42.40843,497,3,1
"Fall River","MA",1873,-71.1550451,41.7014912,5300,8,1
"Faribault","MN",1875,-93.268827,44.2949636,1300,6,1
"Faribault","MN",1886,-93.268827,44.2949636,917,0,1
"Farmington","MN",1886,-93.1435497,44.6402434,145,1,1
"Far Rockaway","NY",1888,-73.7448437,40.5998931,996,0,2
"Fitchburg","MA",1888,-71.8022955,42.5834228,1291,0,1
"Flanagan","IL",1889,-88.8611818,40.878089,250,0,1
"Flora","IL",1877,-88.4856042,38.6689364,150,4,1
"Florence","MA",1892,-72.6716667,42.3355556,1075,1,1
"Flushing","NY",1853,-73.833079,40.7674987,950,0,1
"Fond du Lac","WI",1874,-88.4470508,43.7730448,1650,2,1
"Forest City","MN",1876,-94.4663799,45.2063519,700,3,1
"Fort Fairfield","ME",1883,-67.8339004,46.7722294,230,0,1
"Fort Washington","NY",1883,-73.9459708,40.8501001,670,0,1
"Fountain","MN",1876,-92.1362717,43.7399639,440,3,1
"Frankfort","KY",1855,-84.8732835,38.2009055,350,2,1
"Franklin","PA",1882,-79.8314437,41.3978358,432,6,1
"Fredricksburg","VA",1880,-77.4605399,38.3031837,75,2,1
"Frostburg","MD",1888,-78.928357,39.6581424,1232,1,1
"Fulda","MN",1885,-95.6002856,43.8705185,300,0,1
"Galesburg","IL",1877,-90.3712395,40.9478158,1000,2,1
"Galesburg","IL",1888,-90.3712395,40.9478158,1020,0,1
"Garder","MA",1878,-71.998133,42.5750883,975,0,1
"Genesee","NY",1890,-78.1564432,42.9837843,535,3,1
"Geneva","NY",1891,-76.9777436,42.8689552,2470,2,1
"Glen Cove","NY",1887,-73.6337389,40.8623217,830,0,1
"Gloucester","MA",1889,-70.6619888,42.6159285,2900,4,1
"Gold Hill","NV",1875,-119.6574011,39.2904678,660,1,1
"Goshen","NY",1886,-74.3243191,41.4020382,680,0,1
"Greenfield","MA",1879,-72.5994104,42.587915,550,0,1
"Greenfield","MA",1891,-72.5994104,42.587915,962,0,1
"Greenport","NY",1887,-72.3592501,41.1034326,300,1,1
"Greenwood","NY",1874,-77.6483236,42.13507,260,0,1
"Gunnison","CO",1882,-106.9253207,38.5458246,0,0,1
"Hagerstown","MD",1880,-77.7199932,39.6417629,410,1,1
"Halifax","NS",1862,-63.5753196,44.6488625,5636,4,1
"Hamilton","NY",1881,-75.5446238,42.8270136,550,0,1
"Hancock","MD",1888,-78.1797293,39.6989809,204,0,1
"Harford Co.","MD",1883,-76.3637285,39.5838964,217,0,1
"Harford County","MD",1853,-76.3637285,39.5838964,320,0,1
"Harlem","NY",1878,-73.9464769,40.8115504,4539,0,1
"Harlem","NY",1888,-73.9464769,40.8115504,3435,12,1
"Harper's Ferry","WV",1880,-77.7388818,39.3253786,225,2,1
"Harper's Ferry","WV",1884,-77.7388818,39.3253786,250,2,1
"Harrisonburg","VA",1884,-78.8689155,38.4495688,72,0,1
"Hart","MN",1876,-91.7398706,43.8755194,215,2,1
"Hartford","CT",1881,-72.6850932,41.7637111,4288,0,1
"Hartford","CT",1882,-72.6850932,41.7637111,4622,2,1
"Hastings","MN",1876,-92.8513706,44.7443293,1050,1,1
"Haverhill","MA",1861,-71.0772796,42.7762015,1002,4,1
"Havre de Grace","MD",1884,-76.091617,39.5492792,380,1,1
"Hempstead","NY",1892,-73.6187397,40.7062128,410,2,1
"Hickory","IN",1888,-87.1719823,41.4281251,420,3,1
"Hickory","MD",1883,-75.5949108,38.3762854,563,3,1
"Highland","MN",1876,-91.8701524,43.6807984,370,1,1
"Highland Falls","NY",1886,-73.9662504,41.3692605,475,0,1
"Highland Falls","NY",1889,-73.9662504,41.3692605,433,2,1
"Highland Falls","NY",1892,-73.9662504,41.3692605,350,0,1
"Hoboken","NJ",1856,-74.0323626,40.7439905,700,7,1
"Hollidaysburg","PA",1851,-78.3889024,40.4272949,1000,0,1
"Holyoke","MA",1861,-72.6162009,42.2042586,1850,5,1
"Honeoye","NY",1887,-77.5166873,42.7900604,253,2,1
"Honeoye Falls","NY",1887,-77.5902759,42.9522855,355,1,1
"Honesdale","PA",1864,-75.2587871,41.5767552,1400,1,1
"Houlton","ME",1883,-67.8402316,46.1261806,470,2,1
"Hudson","NY",1857,-73.790959,42.2528649,800,0,1
"Hudson City","NJ",1860,-73.9242251,41.1896081,1100,1,1
"Huntington, Long Island","NY",1886,-73.425676,40.8681539,416,1,1
"Hyattsville","MD",1892,-76.9455301,38.9559442,155,3,1
"Idaho Springs","CO",1882,-105.5136081,39.7424881,100,3,1
"Indianapolis","IN",1877,-86.158068,39.768403,3790,4,1
"Indianapolis","IN",1891,-86.158068,39.768403,1300,9,1
"Indianapolis","IN",1892,-86.158068,39.768403,750,0,1
"Irvington","NJ",1882,-74.2286435,40.7263249,125,0,1
"Irvington","NJ",1889,-74.2286435,40.7263249,300,0,1
"Ithaca","NY",1876,-76.5018807,42.4439614,1120,7,1
"Ithaca","NY",1887,-76.5018807,42.4439614,1482,3,1
"Jackson","MI",1858,-84.4013462,42.245869,450,1,1
"Jamaica Plain","MA",1885,-71.1151431,42.3097365,2770,0,1
"Jamaica Plain","MA",1886,-71.1151431,42.3097365,2700,2,1
"Jersey City","NJ",1859,-74.0776417,40.7281575,1950,3,1
"Jersey City","NJ",1862,-74.0776417,40.7281575,2875,0,1
"Jersey City","NJ",1874,-74.0776417,40.7281575,4800,6,1
"Jersey City","NJ",1876,-74.0776417,40.7281575,5000,7,1
"Jersey City","NJ",1883,-74.0776417,40.7281575,4764,12,1
"Jersey City","NY",1878,-74.0776417,40.7281575,1343,3,1
"Jersey City Heights","NJ",1889,-74.0505752,40.7473758,3273,4,1
"Johnstown","PA",1851,-78.9219698,40.3267407,1000,0,1
"Johnstown","PA",1879,-78.9219698,40.3267407,2344,4,1
"Joliet","IL",1884,-88.0817251,41.525031,2480,2,1
"Kalamazoo","MI",1858,-85.5872286,42.2917069,430,2,1
"Kalamazoo","MI",1892,-85.5872286,42.2917069,1600,0,1
"Kenastia","WI",1881,-87.8211854,42.5847425,1114,0,2
"Kenastia","WI",1882,-87.8211854,42.5847425,500,0,1
"Kenoska","WI",1886,-87.8211854,42.5847425,750,0,1
"Kensington","CT",1883,-72.7687083,41.6353769,395,0,1
"Keyset","WV",1884,-78.9739156,39.4409277,190,0,1
"Kings Bridge","NY",1883,-73.9051362,40.8787108,540,0,1
"Kingston","MA",1883,-70.7284371,41.993305,190,0,1
"Kingston","NY",1874,-73.9973608,41.9270367,1400,1,1
"Kingston","ON",1860,-76.4859544,44.2311717,2640,5,1
"Lacon","IL",1878,-89.4112007,41.0247583,360,0,1
"Lake City and West Albany","MN",1876,-92.341887,44.4131284,443,2,1
"Lancaster","OH",1864,-82.5993294,39.7136754,800,3,1
"Lanesboro","MN",1876,-91.9768224,43.7207974,620,13,1
"Lawrence","MA",1860,-71.1631137,42.7070354,2150,0,1
"Leading Creek","WV",1887,-80.8056079,39.0013239,164,0,1
"Leadville","CO",1882,-106.2925238,39.2508229,1700,5,1
"Lee","MA",1887,-73.2481951,42.3042151,1070,1,1
"Lenox","MA",1887,-73.2848762,42.3564609,765,2,1
"Leominster","MA",1879,-71.759794,42.5250906,725,0,1
"Leominster","MA",1888,-71.759794,42.5250906,960,0,1
"Leominster","MA",1891,-71.759794,42.5250906,1260,0,1
"Le Sueur","MN",1876,-93.9088889,44.4658333,520,2,1
"Lexington","KY",1855,-84.5037164,38.0405837,600,3,1
"Lexington","MA",1874,-71.2289641,42.4430372,400,4,1
"Lexington","VA",1880,-79.4428157,37.7840208,24,0,1
"Lima","NY",1887,-77.6113869,42.9047857,812,0,1
"Little Falls","NY",1858,-74.8595957,43.0434039,800,3,1
"Little Falls","NY",1880,-74.8595957,43.0434039,1780,9,1
"Little Orleans","MD",1888,-78.3864002,39.625925,96,0,1
"Livingston","NJ",1890,-74.3300842,40.7862871,30,0,1
"Livonia","NY",1887,-77.6686097,42.8214525,430,1,1
"Lockport","NY",1888,-78.6903098,43.1706128,1435,0,1
"Long Branch","NJ",1892,-73.9923596,40.3042778,600,1,1
"Long Branch","NY",1886,-73.9923596,40.3042778,515,0,1
"Loretto","PA",1851,-78.630296,40.5031263,1700,0,1
"Louisville","KY",1852,-85.7584557,38.2526647,2000,3,1
"Lowell","MA",1882,-71.3161718,42.6334247,5800,0,1
"Lowell","MA",1884,-71.3161718,42.6334247,6508,0,1
"Luverne","MN",1887,-96.2025289,43.6555249,180,0,1
"Lynchburg","VA",1884,-79.1422464,37.4137536,625,2,1
"Lynchburg","VA",1891,-79.1422464,37.4137536,700,1,1
"Lyons","IA",1878,-95.7932008,40.9545835,860,1,1
"Lyons","NY",1888,-76.9902456,43.0642305,465,0,1
"Lyons","NY",1891,-76.9902456,43.0642305,795,3,1
"Macedon","NY",1888,-77.2988746,43.0692299,440,1,1
"Macon","GA",1856,-83.6324022,32.8406946,210,3,1
"Madison","WI",1879,-89.4012302,43.0730517,1896,8,1
"Mamaroneck","NY",1880,-73.7326309,40.9487097,490,0,1
"Mamaroneck","NY",1885,-73.7326309,40.9487097,630,6,1
"Manchester","NH",1865,-71.4547891,42.9956397,2600,0,1
"Manchester","NH",1890,-71.4547891,42.9956397,3559,0,1
"Manhattanville","NY",1855,-73.9558333,40.8169443,1400,0,1
"Manhattanville","NY",1874,-73.9558333,40.8169443,2600,6,1
"Manhattanville","NY",1886,-73.9558333,40.8169443,1500,0,1
"Manhattanville","NY",1890,-73.9558333,40.8169443,1720,0,1
"Marine City","MI",1880,-82.492132,42.7194778,1000,3,1
"Marine City","MI",1881,-82.492132,42.7194778,1055,3,1
"Marine City","MI",1889,-82.492132,42.7194778,1250,3,1
"Marlboro","MA",1891,-71.5522874,42.3459271,3770,3,1
"Marseilles","IL",1884,-88.7081293,41.3308666,150,0,1
"Marshall","IL",1877,-87.6936384,39.3914252,340,7,1
"Marshall","IL",1881,-87.6936384,39.3914252,382,1,1
"Marshall","MI",1858,-84.9633148,42.2722641,575,1,1
"Martinsburg","WV",1880,-77.9638869,39.4562099,582,0,1
"Martinsburg","WV",1884,-77.9638869,39.4562099,670,5,1
"Marysville","CA",1875,-121.5913547,39.1457253,550,5,1
"Meadville","PA",1893,-80.1514484,41.6414438,900,1,1
"Meriden","CT",1860,-72.8070435,41.5381535,810,0,1
"Meriden","CT",1892,-72.8070435,41.5381535,4650,6,1
"Middletown","CT",1860,-72.6506488,41.5623209,2270,3,1
"Milford","MA",1882,-71.5163049,42.1398577,2700,1,1
"Milton","MA",1865,-71.0661653,42.2495321,1200,1,1
"Milton","MA",1872,-71.0661653,42.2495321,2000,0,1
"Milwaukee","WI",1881,-87.9064736,43.0389025,500,0,1
"Milwaukee","WI",1882,-87.9064736,43.0389025,3270,3,1
"Milwaukee","WI",1886,-87.9064736,43.0389025,2946,0,1
"Minneapolis","MN",1875,-93.26667,44.983334,2200,12,1
"Minneapolis","MN",1886,-93.26667,44.983334,2265,2,1
"Mobile","AL",1854,-88.0430541,30.6943566,1300,2,1
"Mobile","AL",1886,-88.0430541,30.6943566,900,4,1
"Mobile","AL",1890,-88.0430541,30.6943566,1230,0,1
"Monmouth","IL",1878,-90.6473576,40.9114271,510,1,1
"Monmouth","IL",1892,-90.6473576,40.9114271,485,0,1
"Montezuma","NY",1888,-76.7032833,43.010065,165,2,1
"Montgomery","AL",1886,-86.2999689,32.3668052,495,2,1
"Montreal","Canada",1892,-73.5539925,45.5086699,8728,0,1
"Mooresville","MD",1888,-78.0316969,39.6920767,36,0,1
"Morrisania","NY",1888,-73.9109977,40.8250663,1075,5,1
"Morrison","IL",1878,-89.9651186,41.809751,127,0,1
"Morrissania","NY",1885,-73.9109977,40.8250663,997,5,1
"Morristown","NJ",1886,-74.4815438,40.7967667,800,0,1
"Morristown","NJ",1888,-74.4815438,40.7967667,1727,0,1
"Morristown","NJ",1893,-74.4815438,40.7967667,2087,3,1
"Mott Haven","NY",1892,-73.9228881,40.8091068,3980,3,1
"Mount Robinson","CO",1882,-105.3452765,38.1138903,120,0,1
"Mt. Pleasant","IA",1889,-91.5487714,40.9716959,425,0,1
"Mt. Savage","MD",1888,-78.8797442,39.6956417,478,1,1
"Mt. Vernon","NY",1891,-73.8370786,40.9125992,1050,0,1
"Mt. Vernon","OH",1890,-82.4857181,40.3933956,630,1,1
"Muncie","IN",1889,-85.3863599,40.1933767,2125,6,1
"Muscatine","IA",1888,-91.0432051,41.424473,720,0,1
"Mystic Bridge","CT",1889,-71.9109282,41.4400788,285,0,1
"Nashua","NH",1871,-71.467566,42.7653662,1261,0,1
"Neponset","MA",1892,-71.1344539,42.2237683,1610,1,1
"Newark","NJ",1854,-74.1723667,40.735657,4400,0,1
"Newark","NJ",1857,-74.1723667,40.735657,1900,0,1
"Newark","NJ",1865,-74.1723667,40.735657,1400,0,1
"Newark","NJ",1892,-74.1723667,40.735657,1575,0,1
"Newark","NY",1888,-77.0952516,43.0467301,350,0,1
"New Brighton, Staten Island","NY",1853,-74.090226,40.6404369,1200,0,1
"New Britain","CT",1860,-72.7795419,41.6612104,1230,0,1
"New Britain","CT",1884,-72.7795419,41.6612104,4642,9,1
"New Britain","CT",1893,-72.7795419,41.6612104,5285,4,1
"Newburgh","NY",1856,-74.0104178,41.5034271,1350,3,1
"Newburgh","NY",1885,-74.0104178,41.5034271,2485,1,1
"Newburgh","OH",1879,-82.9409387,40.0092839,1960,0,1
"Newburgh","OH",1889,-82.9409387,40.0092839,2685,1,1
"Newburyport","MA",1861,-70.8772751,42.8125913,1900,0,1
"Newburyport","MA",1888,-70.8772751,42.8125913,2377,0,1
"Newburyport","MA",1892,-70.8772751,42.8125913,2740,0,1
"New Haven","CT",1859,-72.9278835,41.308274,2060,4,1
"New Haven","CT",1874,-72.9278835,41.308274,2600,8,1
"New Haven","CT",1890,-72.9278835,41.308274,3540,2,1
"New Lebanon","NY",1882,-73.3964977,42.4639722,410,1,1
"New London","CT",1873,-72.0995209,41.3556539,1400,2,1
"New London","CT",1879,-72.0995209,41.3556539,1826,4,1
"New Orleans","LA",1854,-90.0715323,29.9510658,11000,10,6
"New Orleans","LA",1886,-90.0715323,29.9510658,4300,0,1
"Newport","NY",1861,-75.0143244,43.1859025,370,1,1
"New Richmond","WI",1881,-92.5365865,45.1230213,404,7,1
"New York","NY",1851,-74.0059731,40.7143528,17000,0,3
"New York","NY",1853,-74.0059731,40.7143528,7800,0,1
"New York","NY",1856,-74.0059731,40.7143528,4000,0,1
"New York","NY",1858,-74.0059731,40.7143528,7700,15,2
"New York","NY",1859,-74.0059731,40.7143528,4300,5,2
"New York","NY",1860,-74.0059731,40.7143528,7875,10,2
"New York","NY",1861,-74.0059731,40.7143528,4000,0,1
"New York","NY",1862,-74.0059731,40.7143528,9200,1,2
"New York","NY",1863,-74.0059731,40.7143528,3500,0,1
"New York","NY",1864,-74.0059731,40.7143528,4500,6,1
"New York","NY",1873,-74.0059731,40.7143528,13130,10,3
"New York","NY",1874,-74.0059731,40.7143528,4280,6,1
"New York","NY",1877,-74.0059731,40.7143528,13300,15,2
"New York","NY",1878,-74.0059731,40.7143528,6200,6,1
"New York","NY",1879,-74.0059731,40.7143528,5750,0,1
"New York","NY",1880,-74.0059731,40.7143528,2325,5,1
"New York","NY",1881,-74.0059731,40.7143528,10000,3,2
"New York","NY",1882,-74.0059731,40.7143528,13345,27,3
"New York","NY",1883,-74.0059731,40.7143528,11342,16,3
"New York","NY",1884,-74.0059731,40.7143528,14495,16,3
"New York","NY",1885,-74.0059731,40.7143528,12210,10,3
"New York","NY",1886,-74.0059731,40.7143528,36587,35,6
"New York","NY",1887,-74.0059731,40.7143528,14897,34,5
"New York","NY",1888,-74.0059731,40.7143528,18408,9,3
"New York","NY",1889,-74.0059731,40.7143528,17892,6,3
"New York","NY",1890,-74.0059731,40.7143528,20132,21,3
"New York","NY",1891,-74.0059731,40.7143528,15300,11,2
"New York","NY",1892,-74.0059731,40.7143528,6500,6,1
"New York","NY",1893,-74.0059731,40.7143528,16507,20,4
"Noblesville","IN",1889,-86.0085955,40.0455917,83,0,1
"Norfolk","VA",1853,-76.2858726,36.8507689,500,7,1
"Norfolk","VA",1856,-76.2858726,36.8507689,400,0,1
"Norfolk","VA",1883,-76.2858726,36.8507689,850,4,1
"Norfolk","VA",1888,-76.2858726,36.8507689,810,0,1
"North Bridgewater","MA",1864,-70.9750541,41.9903519,1100,1,1
"North Bridgewater","MA",1871,-70.9750541,41.9903519,1400,0,1
"Northfield","MI",1880,-83.7433813,42.4003857,523,7,1
"North Manchester","CT",1878,-72.5215009,41.7759301,645,1,1
"North Warren","MA",1889,-72.191185,42.2125423,1450,0,1
"North Weymouth","MA",1893,-70.9467133,42.2459331,240,0,1
"Norwich","CT",1860,-72.0759105,41.5242649,1900,5,1
"Norwich","CT",1893,-72.0759105,41.5242649,4060,3,1
"Norwood","MA",1891,-71.1989695,42.1943909,1110,0,1
"Oakland","CA",1875,-122.2711137,37.8043637,1700,1,1
"O'Fallon","IL",1878,-89.910991,38.592323,380,1,1
"Ogdensburg","NY",1875,-75.4863364,44.6942291,1850,6,1
"Ogdensburg","NY",1890,-75.4863364,44.6942291,2495,14,1
"Old Point Comfort","VA",1884,-76.3113315,37.0004248,170,0,1
"Ophir City","UT",1875,-112.2585566,40.36939,37,1,1
"Orange","NJ",1862,-74.2326478,40.7706187,1000,2,1
"Oriskany Falls","NY",1882,-75.4610076,42.9392363,300,1,1
"Oshkosh","WI",1881,-88.5426136,44.0247062,720,1,1
"Ossining","NY",1889,-73.8615246,41.1628731,580,0,1
"Ottawa","Canada",1892,-75.6971931,45.4215296,2516,0,1
"Ottowa","IL",1884,-88.8425769,41.3455892,1675,0,1
"Ovid","NY",1874,-76.8230111,42.6764593,700,3,1
"Ovid","NY",1891,-76.8230111,42.6764593,993,0,1
"Owatonna","MN",1876,-93.2259349,44.0855572,400,3,1
"Owatonna","MN",1886,-93.2259349,44.0855572,460,0,1
"Oyster Bay, Long Island","NY",1886,-73.5320685,40.8656543,294,0,1
"Palmyra","NY",1889,-77.2333154,43.0639521,455,0,1
"Paris","IL",1877,-87.6961374,39.611146,462,2,1
"Paris","IL",1881,-87.6961374,39.611146,375,2,1
"Parkville","NY",1892,-74.7596049,41.8553669,370,0,1
"Paterson","NJ",1892,-74.171811,40.9167654,2200,12,1
"Patterson","NJ",1854,-74.171811,40.9167654,2700,0,1
"Penn Yan","NY",1876,-77.0538577,42.6609026,800,2,1
"Penn Yan","NY",1887,-77.0538577,42.6609026,1025,4,1
"Pensacola","FL",1886,-87.2169149,30.421309,875,20,1
"Pensacola","FL",1890,-87.2169149,30.421309,770,0,1
"Peoria","IL",1892,-89.5889864,40.6936488,317,0,1
"Perth Amboy","NJ",1885,-74.2654234,40.5067723,1042,0,1
"Petersburg","VA",1856,-77.4019267,37.2279279,210,0,1
"Petersburg","VA",1880,-77.4019267,37.2279279,325,0,1
"Petersburg","VA",1884,-77.4019267,37.2279279,320,1,1
"Phelps","NY",1886,-77.057471,42.957564,250,0,1
"Philadelphia","PA",1852,-75.163789,39.952335,4700,0,2
"Philadelphia","PA",1853,-75.163789,39.952335,2550,3,1
"Philadelphia","PA",1863,-75.163789,39.952335,1500,0,1
"Philadelphia","PA",1872,-75.163789,39.952335,1500,9,1
"Philadelphia","PA",1890,-75.163789,39.952335,9800,25,1
"Philadelphia","PA",1893,-75.163789,39.952335,4800,12,1
"Pinckney","MI",1887,-83.9463358,42.4567013,445,1,1
"Pipestone","MN",1885,-96.3128117,43.9985815,50,0,1
"Pittsburgh","PA",1855,-79.9958864,40.4406248,7600,20,1
"Pittsburgh","PA",1885,-79.9958864,40.4406248,3048,0,1
"Pittsburgh","PA",1887,-79.9958864,40.4406248,4147,19,2
"Pittsburgh","PA",1889,-79.9958864,40.4406248,6980,20,1
"Pittsburgh","PA",1890,-79.9958864,40.4406248,4620,3,2
"Pittsburgh","PA",1891,-79.9958864,40.4406248,4035,2,2
"Pittsfield","MA",1863,-73.2453824,42.4500845,2000,1,1
"Pittston","PA",1861,-75.7893604,41.3259134,1980,3,1
"Plainville ","CT",1883,-72.8569444,41.6747222,298,0,1
"Plattsburg","NY",1858,-73.4529124,44.6994873,1100,1,1
"Plymouth ","MA",1883,-70.6672621,41.9584457,575,0,1
"Pontiac","IL",1889,-88.6297839,40.8808666,365,0,1
"Port Byron","NY",1888,-76.6238343,43.0345099,128,3,1
"Port Chester","NY",1863,-73.6656834,41.0017643,710,1,1
"Port Deposit","MD",1883,-76.1152289,39.6048327,203,1,1
"Port Ewen","NY",1893,-73.976249,41.9053703,284,0,1
"Port Jervis","NY",1864,-74.692663,41.3750937,750,1,1
"Portland","CT",1890,-72.6408139,41.5726229,1023,0,1
"Port Richmond, Staten Island","NY",1887,-74.1254641,40.6354914,0,0,1
"Portsmouth","NH",1893,-70.7625532,43.0717552,1350,0,1
"Portsmouth","VA",1853,-76.2982742,36.8354258,330,10,1
"Portsmouth","VA",1856,-76.2982742,36.8354258,520,9,1
"Portsmouth","VA",1884,-76.2982742,36.8354258,800,0,1
"Poughkeepsie","NY",1857,-73.9209701,41.7003713,1950,0,1
"Poughkeepsie","NY",1883,-73.9209701,41.7003713,2500,1,1
"Poughkeepsie","NY",1884,-73.9209701,41.7003713,2100,0,1
"Princeton","NJ",1859,-74.6672226,40.3572976,570,1,1
"Providence","RI",1858,-71.4128343,41.8239891,4430,0,1
"Providence","RI",1873,-71.4128343,41.8239891,4000,0,1
"Providence","RI",1879,-71.4128343,41.8239891,3507,0,1
"Providence","RI",1890,-71.4128343,41.8239891,1300,0,1
"Quebec","QC",1859,-71.242796,46.8032826,7250,50,1
"Racine","WI",1881,-87.7828523,42.7261309,1017,3,1
"Randolph","MA",1872,-71.042551,42.1619739,1600,2,1
"Raritan","IL",1892,-90.8273591,40.6958732,130,0,1
"Rawley","PA",1862,-80.06532,40.3647715,1150,1,1
"Red Wing","MN",1876,-92.5369563,44.5660691,240,0,1
"Richmond","VA",1852,-77.4360481,37.5407246,620,3,1
"Richmond","VA",1856,-77.4360481,37.5407246,900,0,1
"Richmond","VA",1880,-77.4360481,37.5407246,2328,7,2
"Richmond","VA",1883,-77.4360481,37.5407246,2420,6,2
"Ridgway","PA",1890,-78.7286388,41.4203391,505,0,1
"Rochester","MN",1876,-92.46295,44.0234,2163,10,2
"Rochester","NY",1880,-77.6109219,43.16103,1325,1,1
"Rochester","NY",1888,-77.6109219,43.16103,2570,13,2
"Rock Island","IL",1888,-90.5787476,41.5094771,860,3,1
"Rockland","MA",1883,-70.9161551,42.1306563,1015,1,1
"Rockville","CT",1878,-72.4495287,41.8667645,1058,6,1
"Rockville","CT",1889,-72.4495287,41.8667645,2004,1,1
"Rockville","IN",1890,-87.2291809,39.7625404,80,0,1
"Roudout","NY",1857,-73.9851381,41.920648,2200,0,1
"Roudout","NY",1893,-73.9851381,41.920648,3000,5,1
"Roxbury","MA",1892,-71.0913748,42.3151978,3800,0,2
"Rye","NY",1888,-73.6837399,40.9806535,394,0,1
"Rye","NY",1889,-73.6837399,40.9806535,450,0,1
"Sabula","IL",1878,-90.1740169,42.0711347,86,0,1
"Sacramento","CA",1875,-121.4943996,38.5815719,1600,2,1
"Sag Harbor","NY",1887,-72.2925819,40.9978773,600,0,1
"Salem","MA",1864,-70.8967155,42.51954,2100,3,1
"Salem","MA",1865,-70.8967155,42.51954,2551,11,1
"Salem","MA",1881,-70.8967155,42.51954,3926,1,1
"Salem","MA",1885,-70.8967155,42.51954,4113,0,1
"Salina","NY",1877,-76.1725774,43.1071066,1900,3,1
"Salt Lake City","UT",1875,-111.8910474,40.7607793,75,1,1
"Sand Beach","MI",1892,-82.669947,43.8040404,140,0,1
"Sandusky","OH",1855,-82.7079605,41.4489396,1100,0,1
"Sandusky","OH",1872,-82.7079605,41.4489396,1500,2,1
"Sandusky","OH",1883,-82.7079605,41.4489396,1362,1,1
"Sandy Hill, Hudson Falls","NY",1878,-73.494427,43.788801,1100,8,1
"San Francisco","CA",1875,-122.4194155,37.7749295,14750,31,4
"San Jose","CA",1875,-121.8949555,37.3393857,1100,0,1
"San Rafael","CA",1875,-122.5310874,37.9735346,360,9,1
"Santa Cruz","CA",1875,-122.0307963,36.9741171,650,2,1
"Saratoga","NY",1852,-73.6300729,43.0448483,600,3,1
"Saratoga Springs","NY",1858,-73.7845651,43.0831301,970,0,1
"Savannah","GA",1856,-81.0998342,32.0835407,2500,3,1
"Savannah","GA",1890,-81.0998342,32.0835407,2343,3,1
"Savannah","IL",1878,-90.1567944,42.0944671,130,0,1
"Sayre","PA",1893,-76.515499,41.9789631,700,3,1
"Schenectady","NY",1854,-73.9395687,42.8142432,1300,0,1
"Schenectady","NY",1890,-73.9395687,42.8142432,2337,0,1
"Scranton ","PA",1862,-75.6624122,41.408969,2500,0,1
"Seabright","NJ",1887,-74.1965386,39.8244272,180,0,1
"Seneca","IL",1884,-88.6097936,41.3111442,550,0,1
"Seneca Falls","NY",1880,-76.7966215,42.9106219,1347,3,1
"Seneca Falls","NY",1887,-76.7966215,42.9106219,1870,2,1
"Shakopee","MN",1876,-93.5272861,44.7973962,415,3,1
"Sharon","PA",1873,-80.4934035,41.2331116,700,1,1
"Shelbourne Falls","MA",1879,-72.7392588,42.6042514,115,0,1
"Sherburne","NY",1881,-75.4985123,42.6781266,250,0,1
"Shieldsville","MN",1876,-93.4088334,44.3660744,1100,3,1
"Shieldsville","MN",1886,-93.4088334,44.3660744,636,0,1
"Short Hills","NJ",1889,-74.3232194,40.7483499,417,1,1
"Shullsburg","WI",1878,-90.23096,42.5733354,1149,5,1
"Shullsburg","WI",1887,-90.23096,42.5733354,830,1,1
"Sing Sing","NY",1889,-76.8910257,42.1719586,1493,0,1
"Sing-Sing","NY",1882,-76.8910257,42.1719586,1350,1,1
"Sioux City","IA",1876,-96.4003069,42.4999942,750,6,1
"Smartsville","CA",1875,-121.2988335,39.2077473,350,2,1
"Sodus Point","NY",1891,-76.9891355,43.2717322,0,0,1
"South Bend","IN",1890,-86.2519898,41.6763545,600,0,1
"South Boston","MA",1878,-71.0475773,42.3381437,5674,11,1
"South Boulder and Fort Collins","CO",1882,-104.9759032,40.5840625,0,0,1
"Southbridge","MA",1864,-72.0333905,42.0751065,730,4,1
"South Deerfield","MA",1879,-72.6078667,42.4773097,270,0,1
"South Deerfield","MA",1891,-72.6078667,42.4773097,300,0,1
"Southington","CT",1893,-72.8776013,41.5964869,840,0,1
"South Lee","MA",1887,-73.2773294,42.2778653,100,0,1
"South Manchester","CT",1878,-72.5215009,41.7759301,845,1,1
"South Wheeling","WV",1881,-80.7209149,40.0639616,576,0,1
"Springfield","IL",1890,-89.6501481,39.7817213,3830,5,2
"Springfield","MA",1890,-72.589811,42.1014831,5151,5,1
"Springfield","MA",1891,-72.589811,42.1014831,1400,0,1
"Spring Valley","IL",1892,-89.1998076,41.3275352,950,0,1
"Stamford","CT",1862,-73.5387341,41.0534302,900,2,1
"Stanton","WI",1881,-92.4671398,45.1730204,234,1,1
"St. Augustine","FL",1857,-81.3132083,29.8942639,600,0,1
"Staunton","VA",1880,-79.0716958,38.149576,333,0,1
"Staunton","VA",1884,-79.0716958,38.149576,370,1,1
"St. Charles","MN",1876,-92.064194,43.9694165,375,1,1
"Sterling","NJ",1890,-74.4945385,40.6713311,49,0,1
"Stillwater","MN",1875,-92.8088443,45.056004,1200,1,1
"Stillwater","MN",1887,-92.8088443,45.056004,1100,3,1
"St. John","NB",1859,-66.0633081,45.2733153,8450,6,1
"St. Louis","MO",1863,-90.1994042,38.6270025,3800,3,2
"St. Mary's of the Woods","IN",1877,-78.6943955,35.7491283,315,5,1
"Stockbridge","MA",1888,-73.3203862,42.2875874,452,0,1
"Stonington","CT",1889,-71.9058854,41.3358915,450,0,1
"Stoughton","MA",1864,-71.1027778,42.125,567,0,1
"St. Paul","MN",1875,-93.0899578,44.9537029,3300,12,2
"St. Paul","MN",1876,-93.0899578,44.9537029,1500,0,1
"St. Paul","MN",1886,-93.0899578,44.9537029,6208,5,3
"Streator","IL",1889,-88.835352,41.1208668,0,2,1
"St. Vrain Valley","CO",1882,-105.1071813,40.1551451,35,0,1
"Suffern","NJ",1888,-74.1495889,41.1148179,180,3,1
"Suffern","NY",1874,-74.1495889,41.1148179,150,2,1
"Suffern","NY",1883,-74.1495889,41.1148179,170,2,1
"Suffern","NY",1893,-74.1495889,41.1148179,217,1,1
"Susquehanna","PA",1880,-75.5991789,41.9436071,1500,1,1
"Syracuse","NY",1877,-76.1474244,43.0481221,1500,5,1
"Syracuse","NY",1885,-76.1474244,43.0481221,2527,0,1
"Tarrytown","NY",1889,-73.8587461,41.0762077,1277,0,1
"Terre Haute","IN",1880,-87.4139092,39.4667034,1600,0,1
"Terre Haute","IN",1885,-87.4139092,39.4667034,2100,14,2
"Terre Haute","IN",1890,-87.4139092,39.4667034,1250,9,1
"Ticonderoga","NY",1889,-73.4234531,43.8486707,475,0,1
"Toledo","OH",1878,-83.555212,41.6639383,1688,0,1
"Torrington","CT",1890,-73.1211715,41.8003049,1136,2,1
"Tracy","MN",1885,-95.6227778,44.2319444,67,0,1
"Trenton","MI",1889,-83.1782587,42.1394858,475,5,1
"Trenton","NJ",1857,-74.7429384,40.2170534,2050,5,1
"Trenton","NJ",1864,-74.7429384,40.2170534,2800,10,1
"Trenton","NJ",1874,-74.7429384,40.2170534,2700,6,1
"Troy","NY",1852,-73.6917851,42.7284117,3100,0,1
"Troy","NY",1859,-73.6917851,42.7284117,2600,6,1
"Tuckahoe","NY",1892,-73.827356,40.9503764,830,0,1
"Turtle Creek","PA",1891,-79.8250479,40.4059022,640,3,1
"Tuxedo","NY",1893,-74.1944529,41.2376671,146,2,1
"Tuxedo Park","NJ",1888,-74.2016667,41.2013889,97,0,1
"Union Hill","NJ",1887,-74.5201566,40.8559326,652,0,1
"Union Hill","NJ",1891,-74.5201566,40.8559326,801,0,1
"Union Springs","NY",1886,-76.6932818,42.8397906,300,1,1
"Utica","IL",1892,-89.0097155,41.3414125,507,0,1
"Utica","NY",1855,-75.232664,43.100903,1000,3,1
"Utica","NY",1857,-75.232664,43.100903,3000,0,1
"Utica","NY",1884,-75.232664,43.100903,800,0,1
"Utica","NY",1892,-75.232664,43.100903,1430,4,1
"Valesburg","NJ",1891,-74.2179355,40.7400351,265,1,1
"Valley Falls","RI",1891,-71.3906119,41.9067663,2905,1,1
"Vincennes","IN",1891,-87.5286325,38.677269,1018,7,1
"Virginia City","NV",1875,-119.6499793,39.3095135,1200,3,1
"Wabasha","MN",1876,-92.0382346,44.3710051,470,1,1
"Wallingford","CT",1892,-72.8230736,41.4570108,1450,0,1
"Ware","MA",1864,-72.2398566,42.2598457,1080,2,1
"Waseca","MN",1886,-93.5083843,44.0770411,675,0,1
"Washington","DC",1856,-77.0364641,38.9072309,2700,3,1
"Washington","DC",1885,-77.0364641,38.9072309,2235,4,1
"Washington","DC",1886,-77.0364641,38.9072309,1774,6,1
"Washington","DC",1889,-77.0364641,38.9072309,2250,5,2
"Washington","DC",1891,-77.0364641,38.9072309,1300,0,1
"Washington","DC",1893,-77.0364641,38.9072309,600,0,1
"Washington","GA",1890,-82.7393089,33.7367948,150,0,1
"Washington","IN",1892,-87.172789,38.6592152,1300,9,1
"Washington Heights","NY",1873,-73.9389213,40.8401451,1007,0,1
"Waterbury","CT",1860,-73.0514965,41.5581525,2800,3,1
"Watertown","NY",1858,-75.9107565,43.9747838,1073,5,1
"Waterville","NY",1882,-75.3798924,42.931181,1000,0,1
"Waukesha","WI",1885,-88.2314813,43.0116784,623,0,1
"Waverly","MN",1876,-93.9663889,45.0666667,460,11,1
"Webster","MA",1864,-71.8800628,42.050091,700,0,1
"Webster","MA",1891,-71.8800628,42.050091,1665,0,1
"Weedsport","NY",1888,-76.5627197,43.048677,416,1,1
"West Bloomfield","NY",1887,-77.5391622,42.9058971,228,0,1
"West Brighton, Staten Island","NY",1893,-74.1093141,40.6270298,1685,5,1
"Westerly","CT",1891,-71.8272871,41.3775987,980,0,1
"West Farms","NY",1882,-73.8816001,40.8430609,442,2,1
"West Farms","NY",1885,-73.8816001,40.8430609,336,0,1
"West Farms","NY",1888,-73.8816001,40.8430609,318,0,1
"West Farms","NY",1891,-73.8816001,40.8430609,493,0,1
"Westfield","MA",1887,-72.749538,42.1250929,1314,1,1
"West Fitchburg","MA",1887,-71.8022955,42.5834228,761,0,1
"Weston","WV",1887,-80.467313,39.0384274,253,0,1
"West Point","NY",1886,-73.9559721,41.3914827,375,0,1
"West Point","NY",1889,-73.9559721,41.3914827,366,0,1
"West Point","NY",1892,-73.9559721,41.3914827,520,0,1
"Westport","CT",1888,-73.3579049,41.1414717,500,0,1
"West Roxbury","MA",1878,-71.1626756,42.2797554,424,3,1
"West Roxbury","MA",1879,-71.1626756,42.2797554,984,3,1
"West Rutland","VT",1858,-73.0451081,43.5930919,1008,3,1
"West Stockbridge","MA",1888,-73.3677582,42.3338097,686,1,1
"West St. Paul","MN",1886,-93.1016074,44.9160768,721,0,1
"West Troy","NY",1892,-73.6917851,42.7284117,2110,0,1
"Weymouth","MA",1877,-70.9410356,42.2180724,1700,0,1
"Wheeling","WV",1852,-80.7209149,40.0639616,1250,3,1
"Wheeling","WV",1881,-80.7209149,40.0639616,2500,1,1
"White River Junction","VT",1878,-72.3192579,43.6489596,550,2,1
"Whitinsville","MA",1893,-71.6661783,42.1112075,910,0,1
"Williamsburg, Brookyln, New York","NY",1853,-73.9536163,40.7064461,4000,16,1
"Willow Lake","MN",1885,-95.1640605,44.3394439,69,0,1
"Wilmington","DE",1856,-75.5466667,39.7458333,1700,0,1
"Wilmington","DE",1872,-75.5466667,39.7458333,3100,0,2
"Winchendon","MA",1878,-72.0439529,42.6871009,625,0,1
"Winchester","VA",1880,-78.1633341,39.1856597,160,7,1
"Winchester","VA",1884,-78.1633341,39.1856597,153,4,1
"Winona","MN",1875,-91.6404389,44.0478889,800,10,1
"Winona","MN",1886,-91.6404389,44.0478889,1140,4,1
"Woodberry, Baltimore","MD",1893,-76.6513787,39.3368301,670,0,1
"Woodstock","MN",1885,-96.1005806,44.0091343,109,0,1
"Worcester","MA",1884,-71.8022934,42.2625932,1120,0,1
"Worcester","MA",1888,-71.8022934,42.2625932,2678,1,1
"Worcester","MA",1889,-71.8022934,42.2625932,6000,1,1
"Worcester","MA",1891,-71.8022934,42.2625932,2573,0,1
"Worcester","MA",1892,-71.8022934,42.2625932,7200,6,1
"Wyandotte","MI",1887,-83.1499239,42.2142064,43,1,1
"Wyandotte","MI",1888,-83.1499239,42.2142064,600,0,1
"Wyandotte","MI",1889,-83.1499239,42.2142064,895,0,1
"Yankton","SD",1876,-97.3972813,42.8711088,320,5,1
"Yonkers","NY",1853,-73.8987469,40.9312099,550,0,1
"Yonkers","NY",1885,-73.8987469,40.9312099,3772,0,1
"Youngstown","PA",1851,-79.3655913,40.2797927,1000,0,1
"Ypsilanti","MI",1879,-83.6129939,42.2411499,480,0,1
